City_ID,City,Country,Date,Lat,Lng,Max Temp,Humidity,Cloudiness,Wind Speed
0,Marsh Harbour,BS,2022-06-16 10:36:42,26.5412,-77.0636,79.41,76,44,0.76
1,Ushuaia,AR,2022-06-16 10:36:42,-54.8,-68.3,38.86,87,75,14.97
2,Nuqui,CO,2022-06-16 10:36:42,5.7125,-77.2708,75.61,88,91,2.75
3,Namatanai,PG,2022-06-16 10:36:42,-3.6667,152.4333,79.45,81,97,8.43
4,San Cristobal,VE,2022-06-16 10:31:49,7.7669,-72.225,66.38,92,56,3.58
5,Jaciara,BR,2022-06-16 10:36:42,-15.9653,-54.9683,69.69,68,0,1.68
6,Bambous Virieux,MU,2022-06-16 10:36:42,-20.3428,57.7575,78.22,73,40,17.27
7,Ilulissat,GL,2022-06-16 10:36:43,69.2167,-51.1,44.62,49,20,5.75
8,Carnarvon,AU,2022-06-16 10:32:48,-24.8667,113.6333,72.05,80,100,8.37
9,Lavrentiya,RU,2022-06-16 10:36:43,65.5833,-171.0,39.49,97,100,17.2
10,Ixtapa,MX,2022-06-16 10:32:45,20.7,-105.2,76.23,100,100,3.44
11,Sorland,NO,2022-06-16 10:36:43,67.667,12.6934,48.06,77,7,1.54
12,Nikolskoye,RU,2022-06-16 10:36:43,59.7035,30.7861,62.87,47,32,14.23
13,Hilo,US,2022-06-16 10:32:22,19.7297,-155.09,73.62,74,40,6.91
14,Pevek,RU,2022-06-16 10:36:43,69.7008,170.3133,30.07,85,8,7.45
15,Clyde River,CA,2022-06-16 10:36:43,70.4692,-68.5914,28.63,100,100,31.07
16,Tautira,PF,2022-06-16 10:36:44,-17.7333,-149.15,78.98,77,49,18.77
17,Rikitea,PF,2022-06-16 10:36:44,-23.1203,-134.9692,72.61,68,77,7.11
18,Saskylakh,RU,2022-06-16 10:36:44,71.9167,114.0833,60.37,27,36,7.07
19,Markala,ML,2022-06-16 10:36:44,13.7021,-6.0659,95.94,32,100,7.47
20,Calbuco,CL,2022-06-16 10:36:44,-41.768,-73.1273,42.01,83,99,7.61
21,Snezhnogorsk,RU,2022-06-16 10:34:03,69.1933,33.2531,42.58,91,100,25.08
22,Beringovskiy,RU,2022-06-16 10:36:44,63.05,179.3167,41.56,83,68,10.89
23,Lebu,CL,2022-06-16 10:32:55,-37.6167,-73.65,46.27,89,3,4.63
24,Mayo,US,2022-06-16 10:36:45,38.8876,-76.5119,75.31,81,100,11.5
25,Cuamba,MZ,2022-06-16 10:36:45,-14.8031,36.5372,87.19,27,19,2.39
26,Sitio Novo Do Tocantins,BR,2022-06-16 10:36:45,-5.5183,-47.4611,71.53,88,0,2.3
27,Arraial Do Cabo,BR,2022-06-16 10:32:28,-22.9661,-42.0278,57.06,94,0,4.61
28,Upernavik,GL,2022-06-16 10:36:45,72.7868,-56.1549,33.22,67,100,1.92
29,East London,ZA,2022-06-16 10:32:08,-33.0153,27.9116,61.74,44,0,17.27
30,Vieques,PR,2022-06-16 10:36:46,18.425,-65.8329,80.1,89,75,0.0
31,Talen,IN,2022-06-16 10:36:46,23.5667,76.7167,93.34,41,90,10.92
32,Fortuna,US,2022-06-16 10:36:46,40.5982,-124.1573,55.65,87,100,1.39
33,Nome,US,2022-06-16 10:36:47,64.5011,-165.4064,42.87,81,100,4.61
34,Qaanaaq,GL,2022-06-16 10:36:47,77.484,-69.3632,29.19,68,47,3.96
35,Klaksvik,FO,2022-06-16 10:36:47,62.2266,-6.589,54.52,85,100,3.44
36,Punta Arenas,CL,2022-06-16 10:33:03,-53.15,-70.9167,42.91,81,100,14.97
37,Winslow,US,2022-06-16 10:36:47,35.0242,-110.6974,60.98,17,0,3.44
38,Parrita,CR,2022-06-16 10:36:47,9.5201,-84.3225,75.07,85,98,2.21
39,Vaini,TO,2022-06-16 10:36:47,-21.2,-175.2,73.56,83,20,6.91
40,Jamestown,US,2022-06-16 10:36:47,42.097,-79.2353,78.39,93,34,1.01
41,Touros,BR,2022-06-16 10:36:48,-5.1989,-35.4608,80.24,62,4,10.8
42,Gondar,ET,2022-06-16 10:36:48,12.6,37.4667,78.51,29,58,7.4
43,Ribeira Grande,PT,2022-06-16 10:33:10,38.5167,-28.7,70.2,78,40,14.97
44,Wufeng,CN,2022-06-16 10:36:48,27.45,104.8333,59.88,86,100,1.32
45,Yellowknife,CA,2022-06-16 10:36:48,62.456,-114.3525,52.32,76,100,6.91
46,Hami,CN,2022-06-16 10:36:48,42.8,93.45,101.37,10,66,11.45
47,Hermanus,ZA,2022-06-16 10:37:48,-34.4187,19.2345,59.81,48,82,7.31
48,Bethel,US,2022-06-16 10:37:49,41.3712,-73.414,64.76,88,75,1.99
49,Cape Town,ZA,2022-06-16 10:37:49,-33.9258,18.4232,64.27,46,0,3.0
50,Kodiak,US,2022-06-16 10:37:49,57.79,-152.4072,42.31,87,0,4.61
51,Mataura,NZ,2022-06-16 10:37:49,-46.1927,168.8643,42.48,92,95,2.35
52,Porto Santo,PT,2022-06-16 10:37:49,33.072,-16.3415,70.18,64,20,11.5
53,Bundaberg,AU,2022-06-16 10:36:15,-24.85,152.35,60.22,97,12,2.55
54,Provideniya,RU,2022-06-16 10:37:50,64.3833,-173.3,40.33,98,100,13.69
55,Necochea,AR,2022-06-16 10:37:50,-38.5473,-58.7368,46.0,94,22,7.52
56,Tuktoyaktuk,CA,2022-06-16 10:37:50,69.4541,-133.0374,36.36,74,0,12.82
57,Naze,JP,2022-06-16 10:37:50,28.3667,129.4833,74.32,89,100,7.78
58,Castro,BR,2022-06-16 10:37:50,-24.7911,-50.0119,52.61,81,0,1.79
59,Tasiilaq,GL,2022-06-16 10:37:50,65.6145,-37.6368,39.36,95,100,5.35
60,New Norfolk,AU,2022-06-16 10:33:11,-42.7826,147.0587,46.71,91,8,2.28
61,Bredasdorp,ZA,2022-06-16 10:37:50,-34.5322,20.0403,58.57,45,74,8.75
62,Iaciara,BR,2022-06-16 10:37:51,-14.0958,-46.6317,69.53,51,0,3.4
63,Albany,US,2022-06-16 10:37:51,42.6001,-73.9662,66.16,79,63,1.01
64,Alice Springs,AU,2022-06-16 10:36:50,-23.7,133.8833,58.55,51,4,8.05
65,Butaritari,KI,2022-06-16 10:37:51,3.0707,172.7902,82.49,75,26,13.53
66,Aksum,ET,2022-06-16 10:37:52,14.1245,38.7244,82.94,13,97,6.89
67,Monze,ZM,2022-06-16 10:37:52,-16.2833,27.4833,78.21,25,0,7.05
68,Kapoeta,SS,2022-06-16 10:37:52,4.7717,33.5903,93.81,29,44,15.95
69,Saint-Philippe,RE,2022-06-16 10:37:52,-21.3585,55.7679,80.19,79,61,13.33
70,Busselton,AU,2022-06-16 10:37:52,-33.65,115.3333,64.18,78,10,13.4
71,Causapscal,CA,2022-06-16 10:37:52,48.3542,-67.227,63.5,67,39,4.45
72,Atuona,PF,2022-06-16 10:37:52,-9.8,-139.0333,77.58,69,7,18.97
73,Torbay,CA,2022-06-16 10:37:52,47.6666,-52.7314,54.28,66,20,4.61
74,Grenville,GD,2022-06-16 10:37:52,12.1167,-61.6167,80.65,84,99,18.14
75,Awbari,LY,2022-06-16 10:37:53,26.5921,12.7805,93.22,15,0,11.14
76,Kapaa,US,2022-06-16 10:37:53,22.0752,-159.319,78.78,96,100,18.41
77,Poopo,BO,2022-06-16 10:37:53,-18.3667,-66.9667,28.09,35,0,2.71
78,Sinnamary,GF,2022-06-16 10:37:53,5.3833,-52.95,77.4,82,26,3.71
79,Ulladulla,AU,2022-06-16 10:34:17,-35.35,150.4667,44.76,75,14,8.63
80,Gibara,CU,2022-06-16 10:37:53,21.1097,-76.1317,72.72,86,84,8.16
81,Hobart,AU,2022-06-16 10:33:00,-42.8794,147.3294,47.05,92,20,6.91
82,Bourail,NC,2022-06-16 10:37:53,-21.5667,165.4833,73.4,87,32,5.57
83,Kolokani,ML,2022-06-16 10:34:00,13.5728,-8.0339,95.4,32,71,16.35
84,Nantucket,US,2022-06-16 10:37:54,41.2835,-70.0995,62.02,86,0,0.0
85,Kemijarvi,FI,2022-06-16 10:37:54,66.7131,27.4306,44.53,95,100,13.82
86,Lompoc,US,2022-06-16 10:37:54,34.6391,-120.4579,61.57,90,0,4.61
87,Qasigiannguit,GL,2022-06-16 10:37:54,68.8193,-51.1922,44.85,53,41,3.74
88,Jumla,NP,2022-06-16 10:37:54,29.2747,82.1838,72.21,50,82,5.77
89,Husavik,IS,2022-06-16 10:37:54,66.0449,-17.3389,52.59,57,54,1.32
90,San Policarpo,PH,2022-06-16 10:33:16,12.1791,125.5072,83.48,74,77,7.61
91,Udachnyy,RU,2022-06-16 10:37:54,66.4167,112.4,70.45,28,13,9.95
92,Huamachuco,PE,2022-06-16 10:33:01,-7.8,-78.0667,40.24,84,1,3.98
93,Georgetown,MY,2022-06-16 10:37:16,5.4112,100.3354,87.75,73,20,9.22
94,Guerrero Negro,MX,2022-06-16 10:38:55,27.9769,-114.0611,60.73,92,0,8.01
95,Faanui,PF,2022-06-16 10:38:55,-16.4833,-151.75,80.24,74,10,15.17
96,Glenwood Springs,US,2022-06-16 10:38:55,39.5505,-107.3248,60.03,19,0,8.05
97,Norman Wells,CA,2022-06-16 10:38:55,65.282,-126.8329,44.64,70,20,6.91
98,Saldanha,ZA,2022-06-16 10:38:55,-33.0117,17.9442,64.45,47,69,12.26
99,Quatre Cocos,MU,2022-06-16 10:38:55,-20.2078,57.7625,78.1,63,56,14.88
100,Perambalur,IN,2022-06-16 10:38:55,11.2333,78.8833,95.49,36,97,1.52
101,Caravelas,BR,2022-06-16 10:38:56,-17.7125,-39.2481,71.17,71,87,2.89
102,Soe,ID,2022-06-16 10:38:56,-9.8607,124.284,65.71,90,93,5.41
103,Whitianga,NZ,2022-06-16 10:35:29,-36.8333,175.7,55.71,84,4,9.53
104,Corning,US,2022-06-16 10:38:56,42.1428,-77.0547,71.64,83,100,4.61
105,Ponta Do Sol,PT,2022-06-16 10:38:56,32.6667,-17.1,75.0,63,29,7.99
106,Saint-Paul,RE,2022-06-16 10:38:56,-21.0096,55.2707,80.71,77,32,4.07
107,Fort-Shevchenko,KZ,2022-06-16 10:38:56,44.5086,50.263,80.78,55,99,17.13
108,Vanavara,RU,2022-06-16 10:38:56,60.34,102.2797,64.35,86,91,8.63
109,Hithadhoo,MV,2022-06-16 10:38:56,-0.6,73.0833,83.28,69,100,9.95
110,Chokurdakh,RU,2022-06-16 10:38:57,70.6333,147.9167,62.19,42,74,11.39
111,Dingle,PH,2022-06-16 10:38:57,10.9995,122.6711,81.27,76,100,3.85
112,Faya,SA,2022-06-16 10:38:57,18.3851,42.4509,86.52,15,97,9.37
113,Kone,NC,2022-06-16 10:38:57,-21.0595,164.8658,73.26,90,25,5.55
114,Coquimbo,CL,2022-06-16 10:38:57,-29.9533,-71.3436,51.53,100,20,3.44
115,Hasaki,JP,2022-06-16 10:38:57,35.7333,140.8333,70.29,84,100,15.03
116,Fredericksburg,US,2022-06-16 10:38:57,38.3032,-77.4605,76.01,63,40,4.61
117,Bluff,NZ,2022-06-16 10:38:57,-46.6,168.3333,42.8,59,58,10.63
118,Tiksi,RU,2022-06-16 10:38:57,71.6872,128.8694,34.59,74,32,8.43
119,Avera,US,2022-06-16 10:38:58,33.194,-82.5271,75.25,87,49,4.92
120,Saint George,US,2022-06-16 10:32:41,37.1041,-113.5841,72.19,21,0,3.44
121,Yulara,AU,2022-06-16 10:38:37,-25.2406,130.9889,65.84,34,85,6.85
122,Pishva,IR,2022-06-16 10:38:58,35.308,51.7267,98.73,6,0,11.74
123,Fier,AL,2022-06-16 10:38:58,40.7239,19.5561,84.87,43,60,9.46
124,Olafsvik,IS,2022-06-16 10:38:58,64.8945,-23.7142,48.7,70,73,13.0
125,Isangel,VU,2022-06-16 10:38:58,-19.55,169.2667,77.11,86,100,15.35
126,Sume,BR,2022-06-16 10:38:58,-7.6717,-36.88,69.19,91,99,6.82
127,Carutapera,BR,2022-06-16 10:38:59,-1.195,-46.02,77.5,80,85,4.68
128,Karakol,KG,2022-06-16 10:38:59,42.4907,78.3936,63.75,59,84,8.12
129,Dikson,RU,2022-06-16 10:38:59,73.5069,80.5464,33.73,96,32,4.21
130,Mpika,ZM,2022-06-16 10:38:59,-11.8343,31.4529,76.66,31,9,8.63
131,Santa Maria,BR,2022-06-16 10:38:59,-29.6842,-53.8069,43.9,100,75,0.0
132,Port Alfred,ZA,2022-06-16 10:38:59,-33.5906,26.891,63.18,50,68,4.0
133,Leshukonskoye,RU,2022-06-16 10:38:59,64.8989,45.7622,66.16,52,99,7.09
134,Tuatapere,NZ,2022-06-16 10:38:59,-46.1333,167.6833,43.65,81,100,4.41
135,Monteagudo,BO,2022-06-16 10:38:59,-19.8167,-63.9833,48.88,78,0,2.21
136,College,US,2022-06-16 10:39:00,64.8569,-147.8028,61.2,73,75,0.0
137,Sambava,MG,2022-06-16 10:39:00,-14.2667,50.1667,78.75,64,9,10.36
138,Angoram,PG,2022-06-16 10:39:00,-4.0625,144.0661,75.31,97,54,3.04
139,Victoria,HK,2022-06-16 10:35:20,22.2855,114.1577,86.38,80,44,10.0
140,Oksfjord,NO,2022-06-16 10:40:00,70.2396,22.3479,48.38,69,99,5.82
141,Rocha,UY,2022-06-16 10:40:00,-34.4833,-54.3333,50.07,91,100,4.29
142,Souillac,MU,2022-06-16 10:40:01,-20.5167,57.5167,77.38,73,40,17.27
143,Dum Duma,IN,2022-06-16 10:40:01,27.5667,95.5667,72.37,98,100,7.63
144,Assiniboia,CA,2022-06-16 10:40:01,49.6334,-105.9845,55.22,82,100,20.71
145,Puerto Ayora,EC,2022-06-16 10:40:01,-0.7393,-90.3518,69.55,97,50,8.01
146,Keti Bandar,PK,2022-06-16 10:40:02,24.1447,67.4497,88.14,69,5,19.71
147,Mayumba,GA,2022-06-16 10:40:02,-3.432,10.6554,76.78,76,90,10.47
148,Bintulu,MY,2022-06-16 10:40:01,3.1667,113.0333,84.61,83,40,5.01
149,Pyu,MM,2022-06-16 10:40:02,18.4833,96.4333,81.86,85,100,4.92
150,Leningradskiy,RU,2022-06-16 10:40:02,69.3833,178.4167,35.06,91,100,8.55
151,Shimoda,JP,2022-06-16 10:40:02,34.6667,138.95,71.1,93,100,15.52
152,Barrow,US,2022-06-16 10:40:03,71.2906,-156.7887,33.82,86,0,4.61
153,Talnakh,RU,2022-06-16 10:40:03,69.4865,88.3972,72.88,46,100,1.92
154,Erenhot,CN,2022-06-16 10:40:03,43.6475,111.9767,86.9,21,57,8.97
155,Yumen,CN,2022-06-16 10:40:03,40.2833,97.2,94.41,5,78,10.8
156,Baculin,PH,2022-06-16 10:40:03,7.4525,126.5842,79.02,84,95,4.47
157,Grove City,US,2022-06-16 10:40:03,39.8815,-83.093,78.53,90,0,4.61
158,Sept-Iles,CA,2022-06-16 10:40:04,50.2001,-66.3821,60.8,83,40,1.14
159,Geraldton,AU,2022-06-16 10:39:23,-28.7667,114.6,66.61,82,75,0.0
160,Puerto Escondido,MX,2022-06-16 10:40:04,15.85,-97.0667,76.71,83,100,2.73
161,Payakumbuh,ID,2022-06-16 10:40:04,-0.2202,100.6308,73.62,94,99,1.9
162,Hualmay,PE,2022-06-16 10:40:04,-11.0964,-77.6139,59.58,84,43,10.76
163,Khatanga,RU,2022-06-16 10:40:05,71.9667,102.5,74.32,29,98,12.73
164,Ponta Delgada,PT,2022-06-16 10:40:05,37.7333,-25.6667,68.5,72,40,11.5
165,Cayenne,GF,2022-06-16 10:40:05,4.9333,-52.3333,77.09,1,100,2.3
166,Kruisfontein,ZA,2022-06-16 10:40:05,-34.0033,24.7314,59.88,38,81,8.28
167,Johi,PK,2022-06-16 10:40:06,26.6921,67.6133,114.78,18,0,13.09
168,Katsuura,JP,2022-06-16 10:40:06,35.1333,140.3,70.99,86,100,22.79
169,Meulaboh,ID,2022-06-16 10:40:06,4.1363,96.1285,82.02,72,100,4.79
170,Nanortalik,GL,2022-06-16 10:40:06,60.1432,-45.2371,38.7,85,1,5.21
171,Ambilobe,MG,2022-06-16 10:40:07,-13.2,49.05,88.39,42,1,7.38
172,Aklavik,CA,2022-06-16 10:40:07,68.2191,-135.0107,47.16,59,1,3.76
173,Alabino,RU,2022-06-16 10:40:07,55.5268,37.0103,69.94,42,75,11.18
174,Mar Del Plata,AR,2022-06-16 10:40:07,-38.0023,-57.5575,47.08,90,100,8.05
175,Padang,ID,2022-06-16 10:40:07,-0.9492,100.3543,84.25,84,93,2.64
176,Kumphawapi,TH,2022-06-16 10:40:08,17.1087,103.0149,89.89,99,100,4.05
177,Thinadhoo,MV,2022-06-16 10:40:08,0.5333,72.9333,83.61,70,100,10.33
178,Noumea,NC,2022-06-16 10:36:47,-22.2763,166.4572,77.0,99,44,8.3
179,Huarmey,PE,2022-06-16 10:40:08,-10.0681,-78.1522,60.85,83,25,9.37
180,Kavieng,PG,2022-06-16 10:40:08,-2.5744,150.7967,81.48,77,69,10.11
181,Port Hardy,CA,2022-06-16 10:40:09,50.6996,-127.4199,50.18,100,100,2.3
182,Montes Altos,BR,2022-06-16 10:40:09,-5.8333,-47.0667,73.63,75,52,5.48
183,Vestmannaeyjar,IS,2022-06-16 10:40:09,63.4427,-20.2734,50.99,76,40,16.11
184,Quibor,VE,2022-06-16 10:41:09,9.9287,-69.6201,69.62,82,49,4.23
185,Vardo,NO,2022-06-16 10:41:09,70.3705,31.1107,40.98,93,100,17.27
186,Lumphat,KH,2022-06-16 10:41:09,13.4878,106.9816,82.49,85,69,3.62
187,Samarai,PG,2022-06-16 10:41:09,-10.6167,150.6667,81.01,80,99,6.98
188,Rach Gia,VN,2022-06-16 10:38:53,10.0167,105.0833,84.13,75,80,10.58
189,Esperance,AU,2022-06-16 10:41:10,-33.8667,121.9,61.65,59,0,8.93
190,Omsukchan,RU,2022-06-16 10:41:10,62.5333,155.8,46.02,80,83,6.42
191,Huaiyuan,CN,2022-06-16 10:41:10,32.973,117.1995,94.5,32,4,16.13
192,Port Elizabeth,ZA,2022-06-16 10:41:10,-33.918,25.5701,62.1,50,0,6.91
193,Bengkulu,ID,2022-06-16 10:38:16,-3.8004,102.2655,80.02,80,99,2.93
194,Ilva Mare,RO,2022-06-16 10:41:10,47.3667,24.9,69.73,43,60,6.82
195,Ipixuna,BR,2022-06-16 10:41:10,-1.7625,-48.8043,74.44,78,98,2.66
196,Mapiripan,CO,2022-06-16 10:41:10,2.8892,-72.1256,69.94,97,94,2.08
197,Mahebourg,MU,2022-06-16 10:41:10,-20.4081,57.7,78.26,73,40,17.27
198,Sioux Lookout,CA,2022-06-16 10:41:11,50.1001,-91.917,55.47,94,100,6.91
199,Thompson,CA,2022-06-16 10:41:11,55.7435,-97.8558,55.56,82,75,11.5
200,Zavodoukovsk,RU,2022-06-16 10:41:11,56.5042,66.5515,75.51,43,1,8.79
201,Comodoro Rivadavia,AR,2022-06-16 10:41:12,-45.8667,-67.5,42.66,56,0,8.05
202,Ingham,US,2022-06-16 10:41:12,42.6,-84.3833,77.18,90,75,0.0
203,Hauterive,FR,2022-06-16 10:41:12,46.0901,3.4459,84.96,34,71,4.7
204,Dutse,NG,2022-06-16 10:41:12,11.7594,9.3392,91.0,39,95,6.89
205,Superior,US,2022-06-16 10:41:12,46.7208,-92.1041,67.48,60,0,16.11
206,Port Augusta,AU,2022-06-16 10:41:12,-32.5,137.7667,53.94,71,2,3.36
207,Petatlan,MX,2022-06-16 10:41:13,17.5167,-101.2667,74.71,97,100,6.38
208,Guiratinga,BR,2022-06-16 10:40:49,-16.3494,-53.7583,69.37,64,0,3.06
209,Constitucion,CL,2022-06-16 10:41:13,-35.3333,-72.4167,48.07,88,6,5.01
210,Haimen,CN,2022-06-16 10:41:13,23.1935,116.6142,78.69,89,99,6.46
211,Kabare,CD,2022-06-16 10:41:14,-2.4683,28.8242,75.02,56,41,5.35
212,Eureka,US,2022-06-16 10:41:14,40.8021,-124.1637,55.92,84,100,1.03
213,Muravlenko,RU,2022-06-16 10:41:14,63.7898,74.523,66.02,64,100,23.33
214,Vilhena,BR,2022-06-16 10:41:14,-12.7406,-60.1458,67.51,81,0,3.11
215,Chumphon,TH,2022-06-16 10:41:14,10.3333,98.8333,80.31,81,77,0.56
216,Cherskiy,RU,2022-06-16 10:41:14,68.75,161.3,50.4,40,14,9.53
217,Recodo,PH,2022-06-16 10:41:14,6.9519,121.9636,80.62,89,75,10.36
218,Saint-Pierre,RE,2022-06-16 10:41:15,-21.3393,55.4781,80.28,65,0,9.22
219,Vila Franca Do Campo,PT,2022-06-16 10:41:15,37.7167,-25.4333,68.2,68,19,4.81
220,Saint-Francois,FR,2022-06-16 10:41:15,46.4154,3.9054,88.68,47,0,8.05
221,Kaitangata,NZ,2022-06-16 10:41:15,-46.2817,169.8464,41.0,80,93,8.61
222,Ancud,CL,2022-06-16 10:41:15,-41.8697,-73.8203,45.23,76,81,7.4
223,Wellington,NZ,2022-06-16 10:40:02,-41.2866,174.7756,57.06,78,99,13.8
224,Tilichiki,RU,2022-06-16 10:41:15,60.4667,166.1,42.76,93,93,6.44
225,Pestovo,RU,2022-06-16 10:41:16,58.5938,35.8024,67.26,42,21,11.52
226,Narsaq,GL,2022-06-16 10:41:16,60.9167,-46.05,46.62,43,0,3.24
227,Bilma,NE,2022-06-16 10:41:16,18.6853,12.9164,102.81,18,38,4.5
228,Kuusankoski,FI,2022-06-16 10:41:16,60.907,26.6244,60.42,69,75,12.66
229,Salalah,OM,2022-06-16 10:41:16,17.0151,54.0924,87.89,79,75,18.41
230,Simao,CN,2022-06-16 10:42:16,22.7886,100.9748,68.13,98,100,2.82
231,Darjiling,IN,2022-06-16 10:39:32,27.0333,88.2667,59.14,96,100,2.35
232,Havre-Saint-Pierre,CA,2022-06-16 10:42:16,50.2334,-63.5986,53.96,82,0,10.36
233,Kieta,PG,2022-06-16 10:42:16,-6.2167,155.6333,78.42,87,77,5.35
234,Okha,RU,2022-06-16 10:42:17,53.5739,142.9478,42.98,94,100,5.06
235,Saint Anthony,US,2022-06-16 10:42:17,45.0205,-93.218,68.25,63,20,10.36
236,Luderitz,NA,2022-06-16 10:40:11,-26.6481,15.1594,74.05,27,14,9.98
237,Kodino,RU,2022-06-16 10:42:17,63.7198,39.6447,61.27,75,72,9.73
238,Oneida,US,2022-06-16 10:42:17,43.2001,-75.4663,69.13,91,100,12.66
239,Nalut,LY,2022-06-16 10:42:17,30.3333,10.85,89.46,16,0,7.23
240,Praia Da Vitoria,PT,2022-06-16 10:42:17,38.7333,-27.0667,69.76,88,75,8.63
241,Poronaysk,RU,2022-06-16 10:42:17,49.2167,143.1167,50.97,86,35,6.98
242,Vangaindrano,MG,2022-06-16 10:42:18,-23.35,47.6,80.04,63,22,7.07
243,Kedrovyy,RU,2022-06-16 10:42:18,56.1667,91.8167,60.87,96,100,3.6
244,Pruhonice,CZ,2022-06-16 10:42:18,49.9996,14.5502,80.38,50,0,6.91
245,Point Pleasant,US,2022-06-16 10:42:18,40.0832,-74.0682,68.97,84,100,5.01
246,Oktyabrskiy,RU,2022-06-16 10:42:18,54.4815,53.471,75.61,60,79,8.41
247,Iqaluit,CA,2022-06-16 10:40:08,63.7506,-68.5145,35.33,93,100,12.66
248,High Wycombe,GB,2022-06-16 10:42:18,51.6291,-0.7493,80.49,46,68,5.95
249,Bandarbeyla,SO,2022-06-16 10:42:18,9.4942,50.8122,87.64,54,45,27.67
250,Great Falls,US,2022-06-16 10:42:18,47.5002,-111.3008,50.41,87,0,0.0
251,Chuy,UY,2022-06-16 10:42:19,-33.6971,-53.4616,50.32,91,100,4.61
252,Chapais,CA,2022-06-16 10:42:19,49.7834,-74.8492,64.18,72,97,12.62
253,Berdigestyakh,RU,2022-06-16 10:42:19,62.0989,126.6992,63.09,64,79,4.72
254,Pacific Grove,US,2022-06-16 10:42:19,36.6177,-121.9166,53.71,85,0,7.0
255,Roseburg,US,2022-06-16 10:42:19,43.2165,-123.3417,56.17,90,100,0.0
256,Olga,RU,2022-06-16 10:42:19,43.7444,135.2892,53.65,94,96,3.29
257,Cururupu,BR,2022-06-16 10:42:19,-1.8283,-44.8683,78.37,77,84,4.14
258,Tevaitoa,PF,2022-06-16 10:42:19,-16.7833,-151.5,79.9,74,7,17.63
259,San Borja,BO,2022-06-16 10:42:19,-14.8167,-66.85,60.19,93,0,2.77
260,Wanxian,CN,2022-06-16 10:42:20,30.8039,108.3897,86.29,67,99,5.91
261,Dunedin,NZ,2022-06-16 10:42:20,-45.8742,170.5036,43.81,80,100,8.01
262,Shuiji,CN,2022-06-16 10:42:20,27.4214,118.345,70.95,99,100,0.47
263,Sladkovo,RU,2022-06-16 10:42:20,55.5284,70.3385,71.74,52,9,12.39
264,Shaunavon,CA,2022-06-16 10:42:20,49.6501,-108.4181,51.58,92,60,16.98
265,Midrand,ZA,2022-06-16 10:42:20,-25.9636,28.1378,56.7,33,0,1.14
266,Christchurch,NZ,2022-06-16 10:41:06,-43.5333,172.6333,48.9,77,39,17.27
267,Paamiut,GL,2022-06-16 10:42:20,61.994,-49.6678,37.49,75,35,6.13
268,Jian,CN,2022-06-16 10:42:20,27.1172,114.9793,72.77,89,100,7.38
269,Rabo De Peixe,PT,2022-06-16 10:42:21,37.8,-25.5833,68.27,92,40,11.5
270,Tabou,CI,2022-06-16 10:42:21,4.423,-7.3528,75.94,88,100,14.09
271,Sao Felix Do Xingu,BR,2022-06-16 10:42:21,-6.6447,-51.995,71.13,73,0,1.14
272,San Jose,US,2022-06-16 10:42:21,37.3394,-121.895,57.88,74,0,5.75
273,Poum,NC,2022-06-16 10:42:21,-20.2333,164.0167,78.03,83,6,20.31
274,Tambura,SS,2022-06-16 10:42:21,5.6,27.4667,92.73,37,29,3.62
275,Balkhash,KZ,2022-06-16 10:42:21,46.844,74.9804,84.81,18,0,17.9
276,Vasai,IN,2022-06-16 10:40:21,19.47,72.8,91.49,65,63,13.29
277,Ilanskiy,RU,2022-06-16 10:42:22,56.2358,96.065,77.05,56,3,5.39
278,San Patricio,US,2022-06-16 10:42:22,28.017,-97.5169,82.83,96,76,6.62
279,The Valley,AI,2022-06-16 10:42:05,18.217,-63.0578,81.1,78,100,18.37
280,San Pedro,PH,2022-06-16 10:43:22,14.35,121.0167,87.35,70,75,8.05
281,Luau,AO,2022-06-16 10:43:22,-10.7073,22.2247,87.58,14,19,3.96
282,Canakkale,TR,2022-06-16 10:43:22,40.0833,26.8333,72.18,40,52,18.41
283,Te Anau,NZ,2022-06-16 10:40:52,-45.4167,167.7167,40.44,94,46,2.15
284,Araouane,ML,2022-06-16 10:43:22,18.9048,-3.5265,102.31,22,34,17.25
285,Boshnyakovo,RU,2022-06-16 10:40:12,49.6333,142.1667,51.66,81,0,4.12
286,Sao Joao Da Barra,BR,2022-06-16 10:43:23,-21.6403,-41.0511,60.89,79,46,5.7
287,Graham,US,2022-06-16 10:43:23,47.0529,-122.2943,51.57,93,75,0.0
288,Aleksandrovsk-Sakhalinskiy,RU,2022-06-16 10:43:23,50.8975,142.1561,49.57,92,13,3.24
289,Matara,LK,2022-06-16 10:43:23,5.9485,80.5353,79.61,83,100,10.92
290,Egvekinot,RU,2022-06-16 10:43:24,66.3167,-179.1667,32.36,100,100,2.04
291,Kamaishi,JP,2022-06-16 10:43:24,39.2667,141.8833,63.68,92,91,5.21
292,Ahipara,NZ,2022-06-16 10:43:24,-35.1667,173.1667,54.81,89,26,5.68
293,Coihaique,CL,2022-06-16 10:43:24,-45.5752,-72.0662,42.75,61,40,5.75
294,La Ronge,CA,2022-06-16 10:43:24,55.1001,-105.2842,55.65,94,75,10.36
295,Polonnaruwa,LK,2022-06-16 10:40:51,7.9333,81.0,84.07,66,100,4.34
296,Beloha,MG,2022-06-16 10:43:24,-25.1667,45.05,76.77,50,27,17.67
297,Los Llanos De Aridane,ES,2022-06-16 10:43:25,28.6585,-17.9182,71.35,87,40,9.22
298,Razole,IN,2022-06-16 10:43:25,16.4833,81.8333,90.75,56,91,9.4
299,Fengrun,CN,2022-06-16 10:43:25,39.8333,118.1167,80.35,57,68,6.24
300,Omboue,GA,2022-06-16 10:43:25,-1.5746,9.2618,78.39,71,92,8.57
301,Fort Nelson,CA,2022-06-16 10:43:25,58.8053,-122.7002,56.79,62,75,6.91
302,Hanna,CA,2022-06-16 10:43:25,51.6334,-111.9018,46.85,92,3,5.99
303,Ishigaki,JP,2022-06-16 10:42:34,24.3448,124.1572,80.73,94,75,6.91
304,Longyearbyen,SJ,2022-06-16 10:43:25,78.2186,15.6401,39.04,75,75,9.22
305,Karratha,AU,2022-06-16 10:43:25,-20.7377,116.8463,76.39,53,40,8.19
306,Dinguiraye,GN,2022-06-16 10:43:26,11.3,-10.7167,87.71,46,99,8.41
307,Kununurra,AU,2022-06-16 10:43:26,-15.7667,128.7333,67.98,42,24,3.44
308,Cartagena,CO,2022-06-16 10:43:26,10.3997,-75.5144,76.62,100,40,0.0
309,Baraya,CO,2022-06-16 10:43:26,3.1533,-75.0531,67.26,77,11,3.42
310,Siniscola,IT,2022-06-16 10:43:26,40.5719,9.6922,87.35,40,3,6.64
311,Khandbari,NP,2022-06-16 10:40:03,27.3747,87.2039,76.3,82,84,0.63
312,Grindavik,IS,2022-06-16 10:43:26,63.8424,-22.4338,51.75,71,75,20.71
313,Buala,SB,2022-06-16 10:43:26,-8.145,159.5921,79.56,81,100,7.67
314,General Roca,AR,2022-06-16 10:43:26,-39.0333,-67.5833,37.62,81,2,8.99
315,Ilhabela,BR,2022-06-16 10:43:27,-23.7781,-45.3581,64.33,78,1,3.02
316,Paris,FR,2022-06-16 10:38:32,48.8534,2.3488,82.26,39,0,8.05
317,Gameza,CO,2022-06-16 10:43:27,5.8026,-72.8059,44.17,96,78,2.55
318,Ouallam,NE,2022-06-16 10:43:27,14.3188,2.0866,95.0,38,71,16.13
319,Katangli,RU,2022-06-16 10:43:27,51.7102,143.2326,45.3,96,63,8.41
320,Port Keats,AU,2022-06-16 10:43:27,-14.25,129.55,74.77,29,79,5.66
321,Sale,MA,2022-06-16 10:43:27,34.0389,-6.8166,72.28,88,75,6.91
322,Sibi,PK,2022-06-16 10:43:27,29.5448,67.8764,114.62,15,0,10.09
323,Zeya,RU,2022-06-16 10:43:27,53.75,127.2667,66.9,55,65,3.33
324,Kincardine,GB,2022-06-16 10:43:28,56.0667,-3.7167,70.92,81,100,11.25
325,Ayaviri,PE,2022-06-16 10:43:28,-14.8864,-70.5889,31.71,80,3,5.35
326,Bombay,IN,2022-06-16 10:39:18,19.0144,72.8479,91.38,62,40,10.36
327,Airai,TL,2022-06-16 10:43:28,-8.9266,125.4092,60.08,94,95,3.24
328,Korla,CN,2022-06-16 10:44:28,41.7597,86.1469,101.46,7,100,11.32
329,Camana,PE,2022-06-16 10:44:28,-16.6228,-72.7111,58.89,87,71,7.74
330,Jalu,LY,2022-06-16 10:44:28,29.0331,21.5482,93.49,21,7,6.55
331,Borogontsy,RU,2022-06-16 10:44:28,62.6683,131.1683,55.58,92,66,6.67
332,Varkkallai,IN,2022-06-16 10:44:29,8.7341,76.7067,85.78,76,100,16.8
333,Bonthe,SL,2022-06-16 10:44:29,7.5264,-12.505,82.42,74,97,11.39
334,Liverpool,GB,2022-06-16 10:41:59,53.4106,-2.9779,71.1,57,0,3.44
335,Tanabi,BR,2022-06-16 10:44:29,-20.6264,-49.6492,62.82,55,0,5.55
336,Abu Samrah,SY,2022-06-16 10:44:30,35.3029,37.1841,92.89,20,0,7.14
337,Redlands,US,2022-06-16 10:44:30,34.0556,-117.1825,79.23,65,0,3.44
338,Tromso,NO,2022-06-16 10:44:30,69.6496,18.957,51.82,58,75,8.05
339,Moron,AR,2022-06-16 10:44:30,-34.6534,-58.6198,51.96,97,71,2.1
340,Bathsheba,BB,2022-06-16 10:44:30,13.2167,-59.5167,81.21,74,20,19.57
341,Bud,US,2022-06-16 10:44:30,39.447,-86.1758,80.62,80,88,9.86
342,Oranjemund,NA,2022-06-16 10:44:30,-28.55,16.4333,71.47,26,5,13.96
343,Kenai,US,2022-06-16 10:44:30,60.5544,-151.2583,52.09,77,40,5.75
344,Ismailia,EG,2022-06-16 10:44:30,30.6043,32.2723,87.87,45,0,11.5
345,Carballo,ES,2022-06-16 10:44:31,43.213,-8.691,74.77,75,92,4.7
346,Margate,GB,2022-06-16 10:44:31,51.3813,1.3862,75.11,71,80,9.01
347,Ivanava,BY,2022-06-16 10:44:31,52.1451,25.5365,68.36,54,91,5.77
348,Jennings,US,2022-06-16 10:44:31,38.7192,-90.2604,81.72,79,75,5.75
349,Zambezi,ZM,2022-06-16 10:44:31,-13.5432,23.1047,83.43,21,22,5.84
350,Taltal,CL,2022-06-16 10:44:32,-25.4,-70.4833,52.02,82,39,1.95
351,Treinta Y Tres,UY,2022-06-16 10:44:32,-33.2333,-54.3833,49.5,90,100,4.09
352,Maragogi,BR,2022-06-16 10:44:32,-9.0122,-35.2225,75.88,86,89,13.73
353,Longview,US,2022-06-16 10:44:32,32.5007,-94.7405,78.75,82,0,6.91
354,Honiara,SB,2022-06-16 10:42:18,-9.4333,159.95,77.59,83,100,6.73
355,Skjervoy,NO,2022-06-16 10:44:32,70.0311,20.9714,51.8,79,80,8.32
356,Praia,CV,2022-06-16 10:41:03,14.9215,-23.5087,75.74,78,75,13.8
357,Viedma,AR,2022-06-16 10:44:33,-40.8135,-62.9967,42.33,90,2,9.17
358,Monster,NL,2022-06-16 10:44:33,52.0258,4.175,75.97,51,26,4.0
359,Kirakira,SB,2022-06-16 10:44:33,-10.4544,161.9205,78.96,86,75,8.86
360,Petropavlovsk-Kamchatskiy,RU,2022-06-16 10:44:33,53.0452,158.6483,45.19,100,100,4.47
361,Labuhan,ID,2022-06-16 10:44:33,-6.8844,112.2051,81.27,82,89,9.01
362,Beyneu,KZ,2022-06-16 10:44:33,45.3167,55.2,93.09,14,18,6.06
363,Felanitx,ES,2022-06-16 10:44:33,39.4696,3.1483,98.13,31,95,7.07
364,Waingapu,ID,2022-06-16 10:44:33,-9.6567,120.2641,78.55,77,99,10.87
365,Arman,RU,2022-06-16 10:44:33,59.7,150.1667,46.02,98,100,4.09
366,Eha Amufu,NG,2022-06-16 10:44:33,6.6592,7.7596,83.89,69,94,4.38
367,Severo-Kurilsk,RU,2022-06-16 10:44:34,50.6789,156.125,46.2,93,100,7.72
368,Baghmara,IN,2022-06-16 10:44:34,23.795,86.2085,82.76,65,100,2.57
369,Sistranda,NO,2022-06-16 10:44:34,63.7256,8.834,58.96,91,99,2.66
370,Vila Velha,BR,2022-06-16 10:44:34,-20.3297,-40.2925,63.95,89,40,4.61
371,Straubing,DE,2022-06-16 10:44:34,48.8833,12.5667,79.45,64,74,3.15
372,Lata,PT,2022-06-16 10:44:34,40.1629,-8.3327,82.49,47,100,4.81
373,Iracoubo,GF,2022-06-16 10:44:34,5.4802,-53.2011,76.69,85,28,3.67
374,Suez,EG,2022-06-16 10:44:34,29.9737,32.5263,93.78,28,0,16.75
375,Miramar,US,2022-06-16 10:45:35,25.9873,-80.2323,83.01,84,0,5.75
376,Bitung,ID,2022-06-16 10:45:35,1.4451,125.1824,81.45,81,44,9.73
377,Nacala,MZ,2022-06-16 10:45:35,-14.5428,40.6728,86.34,49,2,6.35
378,Worthing,GB,2022-06-16 10:45:35,50.8145,-0.3713,77.49,70,0,6.91
379,Tutoia,BR,2022-06-16 10:45:35,-2.7619,-42.2744,75.25,82,90,6.02
380,Mitu,CO,2022-06-16 10:45:35,1.1983,-70.1733,66.06,99,63,0.94
381,Valparaiso,CL,2022-06-16 10:45:36,-33.0393,-71.6273,51.48,80,40,3.44
382,Ascension,US,2022-06-16 10:45:36,30.2169,-90.9001,80.08,91,0,0.0
383,Bambanglipuro,ID,2022-06-16 10:45:36,-7.95,110.2833,79.86,83,85,3.2
384,Yerofey Pavlovich,RU,2022-06-16 10:45:36,53.9667,121.9667,68.36,46,79,5.91
385,West Des Moines,US,2022-06-16 10:45:36,41.572,-93.7453,64.51,91,0,1.01
386,Lismore,AU,2022-06-16 10:45:36,-28.8135,153.2773,55.71,93,0,2.73
387,Belaya Gora,RU,2022-06-16 10:45:36,68.5333,146.4167,65.93,39,18,12.91
388,Chapada Dos Guimaraes,BR,2022-06-16 10:45:36,-15.4606,-55.7497,60.46,67,0,4.07
389,Cabo San Lucas,MX,2022-06-16 10:45:36,22.8909,-109.9124,79.61,71,21,10.45
390,Flin Flon,CA,2022-06-16 10:45:37,54.7682,-101.865,52.41,88,64,5.59
391,Garden City,US,2022-06-16 10:45:37,42.3256,-83.331,80.82,80,100,11.5
392,Tarko-Sale,RU,2022-06-16 10:45:37,64.9225,77.785,62.08,91,100,16.73
393,Miguel Hidalgo,MX,2022-06-16 10:45:37,19.4225,-99.2028,58.42,71,100,3.0
394,Deputatskiy,RU,2022-06-16 10:45:37,69.3,139.9,54.09,52,100,3.98
395,Coruripe,BR,2022-06-16 10:45:16,-10.1256,-36.1756,75.58,80,100,12.8
396,Stornoway,GB,2022-06-16 10:45:38,58.2093,-6.3865,54.93,97,100,10.36
397,Lebork,PL,2022-06-16 10:45:38,54.5392,17.7501,67.42,57,100,9.46
398,Lityn,UA,2022-06-16 10:45:38,49.3251,28.0809,68.97,46,33,4.59
399,Marystown,CA,2022-06-16 10:45:38,47.1666,-55.1483,50.86,100,0,1.99
400,Panipat,IN,2022-06-16 10:45:39,29.3889,76.9681,96.24,33,69,12.68
401,Sooke,CA,2022-06-16 10:45:39,48.3746,-123.7276,52.57,95,76,6.91
402,Port Hedland,AU,2022-06-16 10:45:39,-20.3167,118.5667,75.25,57,49,10.36
403,Cidreira,BR,2022-06-16 10:45:40,-30.1811,-50.2056,57.36,83,19,5.57
404,Shingu,JP,2022-06-16 10:45:40,33.7333,135.9833,70.92,93,100,5.68
405,Lago Da Pedra,BR,2022-06-16 10:45:40,-4.3333,-45.1667,73.36,83,68,5.44
406,Luganville,VU,2022-06-16 10:45:40,-15.5333,167.1667,77.27,90,100,16.53
407,Yarim,YE,2022-06-16 10:45:40,14.298,44.3779,75.67,25,33,5.86
408,Dudinka,RU,2022-06-16 10:45:40,69.4058,86.1778,73.4,48,100,8.57
409,Dzhebariki-Khaya,RU,2022-06-16 10:45:40,62.2167,135.8,59.45,82,64,1.52
410,Batticaloa,LK,2022-06-16 10:45:40,7.7102,81.6924,82.69,72,100,7.14
411,San Quintin,MX,2022-06-16 10:45:40,30.4833,-115.95,59.31,88,0,3.24
412,Jalandhar,IN,2022-06-16 10:45:41,31.3256,75.5792,112.69,15,11,8.12
413,Mirnyy,RU,2022-06-16 10:45:41,62.5353,113.9611,66.24,52,97,7.0
414,Popondetta,PG,2022-06-16 10:45:41,-8.7537,148.2534,72.48,98,97,3.06
415,Rio Cuarto,AR,2022-06-16 10:45:41,-33.1307,-64.3499,43.47,70,0,6.91
416,Comarapa,BO,2022-06-16 10:45:41,-17.9,-64.4833,43.18,93,6,3.53
417,Vao,NC,2022-06-16 10:45:41,-22.6667,167.4833,74.68,83,98,23.51
418,Tazovskiy,RU,2022-06-16 10:45:41,67.4667,78.7,59.27,76,100,13.33
419,Avarua,CK,2022-06-16 10:45:41,-21.2078,-159.775,71.65,88,16,3.44
420,Susanville,US,2022-06-16 10:45:41,40.4163,-120.653,58.84,33,0,3.94
421,Aligudarz,IR,2022-06-16 10:45:42,33.4006,49.6949,87.96,7,0,8.16
422,Tual,ID,2022-06-16 10:46:42,-5.6667,132.75,82.85,76,79,11.1
423,Aswan,EG,2022-06-16 10:46:42,24.0934,32.907,103.3,15,0,6.91
424,Dongkan,CN,2022-06-16 10:46:42,33.9997,119.8308,76.82,63,41,9.82
425,Natal,BR,2022-06-16 10:44:23,-5.795,-35.2094,77.22,88,20,6.91
426,Cockburn Town,TC,2022-06-16 10:46:42,21.4612,-71.1419,81.68,77,71,15.19
427,Novyy Urengoy,RU,2022-06-16 10:45:44,66.0833,76.6333,68.67,48,100,22.41
428,Kaeo,NZ,2022-06-16 10:46:43,-35.1,173.7833,49.32,94,0,5.19
429,Kokopo,PG,2022-06-16 10:46:43,-4.352,152.2633,77.76,82,100,3.15
430,Trincomalee,LK,2022-06-16 10:46:43,8.5711,81.2335,84.87,72,100,11.03
431,Tamiahua,MX,2022-06-16 10:46:43,21.2667,-97.45,76.17,87,62,6.08
432,Okhotsk,RU,2022-06-16 10:46:21,59.3833,143.3,43.9,94,68,7.31
433,Port Macquarie,AU,2022-06-16 10:46:24,-31.4333,152.9167,53.89,77,20,5.73
434,Iguatemi,BR,2022-06-16 10:46:43,-23.6803,-54.5611,59.16,87,2,5.08
435,Alta Floresta,BR,2022-06-16 10:46:43,-9.8756,-56.0861,71.1,80,14,1.77
436,Kuryk,KZ,2022-06-16 10:46:44,43.2,51.65,85.82,39,21,10.58
437,Lincoln,US,2022-06-16 10:46:44,40.8,-96.667,63.55,90,0,1.01
438,Makakilo City,US,2022-06-16 10:46:44,21.3469,-158.0858,73.72,83,100,9.22
439,Odweyne,SO,2022-06-16 10:46:44,9.4092,45.064,89.56,28,79,22.1
440,Humboldt,US,2022-06-16 10:46:44,40.6665,-123.9178,46.6,80,100,0.94
441,Belmonte,BR,2022-06-16 10:46:32,-15.8631,-38.8828,72.39,76,89,7.9
442,Rawson,AR,2022-06-16 10:46:44,-43.3002,-65.1023,42.31,73,0,10.33
443,Igarka,RU,2022-06-16 10:46:44,67.4667,86.5833,65.1,79,100,1.97
444,Thunder Bay,CA,2022-06-16 10:46:44,48.4001,-89.3168,49.28,100,100,4.61
445,Ashqelon,IL,2022-06-16 10:46:45,31.6693,34.5715,89.8,60,0,15.08
446,Nouakchott,MR,2022-06-16 10:46:45,18.0858,-15.9785,87.73,65,67,17.09
447,Penzance,GB,2022-06-16 10:46:45,50.1186,-5.5371,69.12,64,0,9.22
448,Chandbali,IN,2022-06-16 10:46:46,20.7833,86.7667,90.37,59,100,24.58
449,Waipawa,NZ,2022-06-16 10:46:46,-41.4122,175.5153,53.51,66,55,15.32
450,Roebourne,AU,2022-06-16 10:46:46,-20.7833,117.1333,76.55,54,35,8.08
451,Singkawang,ID,2022-06-16 10:46:46,0.9,109.0,77.4,90,100,5.97
452,Lakselv,NO,2022-06-16 10:46:46,70.0513,24.9718,44.42,76,75,18.41
453,Cubuk,TR,2022-06-16 10:46:46,40.2386,33.0322,75.76,46,40,3.44
454,Acarau,BR,2022-06-16 10:46:46,-2.8856,-40.12,77.0,78,55,9.53
455,Barcelos,PT,2022-06-16 10:46:46,41.5388,-8.6151,73.85,63,100,1.21
456,Fuxin,CN,2022-06-16 10:46:46,42.0156,121.6589,74.3,72,57,8.63
457,Cabedelo,BR,2022-06-16 10:45:32,-6.9811,-34.8339,75.87,69,18,7.58
458,Kahului,US,2022-06-16 10:46:47,20.8947,-156.47,75.85,75,0,13.8
459,Hanting,CN,2022-06-16 10:46:42,36.7708,119.2108,81.21,54,74,15.95
460,Minab,IR,2022-06-16 10:46:47,27.1467,57.0801,106.12,26,5,9.22
461,Rio Grande,BR,2022-06-16 10:46:47,-32.035,-52.0986,39.31,85,40,6.08
462,Zugdidi,GE,2022-06-16 10:46:32,42.5088,41.8709,77.77,54,76,7.23
463,Kalmunai,LK,2022-06-16 10:46:47,7.4167,81.8167,81.05,78,100,6.87
464,Huilong,CN,2022-06-16 10:45:20,31.8111,121.655,74.97,81,69,9.89
465,Anadyr,RU,2022-06-16 10:46:47,64.75,177.4833,46.9,87,0,11.18
466,Syracuse,IT,2022-06-16 10:46:47,37.0881,15.2792,89.19,60,18,5.79
467,Victoria Point,AU,2022-06-16 10:46:48,-27.5833,153.3,61.61,88,0,7.74
468,Zyryanka,RU,2022-06-16 10:46:48,65.75,150.85,63.68,54,82,6.67
469,Port Lincoln,AU,2022-06-16 10:47:48,-34.7333,135.8667,58.59,60,97,4.41
470,Cotonou,BJ,2022-06-16 10:47:48,6.3654,2.4183,80.58,78,20,8.05
471,Laguna,US,2022-06-16 10:47:48,38.421,-121.4238,64.02,60,0,6.91
472,Goderich,CA,2022-06-16 10:47:48,43.7501,-81.7165,73.72,73,100,14.97
473,Harwich,GB,2022-06-16 10:47:48,51.9419,1.2844,77.34,59,58,8.61
474,Zwiesel,DE,2022-06-16 10:47:49,49.0167,13.2333,76.68,52,49,5.03
475,Montanha,BR,2022-06-16 10:47:49,-18.1269,-40.3633,65.48,82,51,4.56
476,Richards Bay,ZA,2022-06-16 10:45:11,-28.783,32.0377,63.27,46,1,12.8
477,Namibe,AO,2022-06-16 10:47:49,-15.1961,12.1522,68.63,83,0,0.0
478,Pangoa,PE,2022-06-16 10:47:49,-12.1167,-73.0,58.95,89,5,2.86
479,Oussouye,SN,2022-06-16 10:47:49,12.485,-16.5469,84.29,62,99,10.8
480,Plettenberg Bay,ZA,2022-06-16 10:47:49,-34.0527,23.3716,59.45,40,78,5.12
481,Vaxjo,SE,2022-06-16 10:47:49,56.8777,14.8091,64.45,55,75,10.36
482,Marshfield,US,2022-06-16 10:47:49,44.6689,-90.1718,59.88,94,0,9.22
483,Tiznit,MA,2022-06-16 10:47:49,29.5833,-9.5,82.33,34,14,5.53
484,Port-Gentil,GA,2022-06-16 10:47:50,-0.7193,8.7815,80.56,69,40,13.8
485,Mount Gambier,AU,2022-06-16 10:47:50,-37.8333,140.7667,49.01,95,88,2.62
486,Ust-Maya,RU,2022-06-16 10:47:50,60.4167,134.5333,58.1,89,69,2.77
487,Darhan,MN,2022-06-16 10:47:50,49.4867,105.9228,72.16,66,99,6.33
488,Kavaratti,IN,2022-06-16 10:47:50,10.5669,72.642,82.98,70,99,18.48
489,Broken Hill,AU,2022-06-16 10:47:50,-31.95,141.4333,57.15,58,99,6.82
490,Praya,CV,2022-06-16 10:43:02,14.9215,-23.5087,75.74,78,75,13.8
491,Lorengau,PG,2022-06-16 10:45:52,-2.0226,147.2712,82.11,73,28,7.92
492,Yar-Sale,RU,2022-06-16 10:47:50,66.8333,70.8333,67.32,34,5,20.76
493,Parana,AR,2022-06-16 10:47:50,-31.732,-60.5238,55.54,93,100,2.04
494,Bossangoa,CF,2022-06-16 10:47:51,6.4926,17.4552,82.76,62,98,5.46
495,Bonavista,CA,2022-06-16 10:47:51,48.6499,-53.1147,49.42,76,0,9.26
496,Trebisacce,IT,2022-06-16 10:47:51,39.8708,16.5312,84.99,27,16,7.83
497,Srednekolymsk,RU,2022-06-16 10:47:51,67.45,153.6833,59.79,25,17,12.77
498,Kovdor,RU,2022-06-16 10:47:52,67.5662,30.4758,44.37,94,100,15.88
499,Asau,RO,2022-06-16 10:47:13,46.4333,26.4,72.52,43,24,4.85
500,Tabuk,PH,2022-06-16 10:47:52,17.4189,121.4443,79.23,84,96,1.88
501,Sabzevar,IR,2022-06-16 10:47:52,36.2126,57.6819,97.88,19,20,4.61
502,Male,MV,2022-06-16 10:46:08,4.1748,73.5089,87.75,74,75,11.5
503,Birjand,IR,2022-06-16 10:47:52,32.8663,59.2211,102.67,3,20,16.11
504,Palmer,US,2022-06-16 10:47:52,42.1584,-72.3287,65.77,81,75,5.75
505,Waynesville,US,2022-06-16 10:47:53,35.4887,-82.9887,72.73,86,12,1.01
506,Muroto,JP,2022-06-16 10:47:53,33.2833,134.15,73.44,91,100,12.33
507,Verkhnyaya Inta,RU,2022-06-16 10:47:53,65.9811,60.3094,69.6,39,100,5.95
508,Sabang,ID,2022-06-16 10:47:53,5.8933,95.3214,82.44,72,100,4.99
509,Banda Aceh,ID,2022-06-16 10:47:53,5.5577,95.3222,82.65,75,99,2.06
510,Gao,ML,2022-06-16 10:47:53,16.6362,1.637,95.77,30,94,20.65
511,Khanpur,PK,2022-06-16 10:47:53,28.6453,70.6567,113.18,15,0,17.09
512,Vakhsh,TJ,2022-06-16 10:47:54,37.7149,68.8346,98.82,22,40,2.24
513,Oranjestad,AW,2022-06-16 10:47:54,12.524,-70.027,80.35,87,46,24.16
514,Otjimbingwe,NA,2022-06-16 10:47:54,-22.35,16.1333,76.62,17,0,6.15
515,Najran,SA,2022-06-16 10:47:54,17.4924,44.1277,101.05,10,45,13.78
516,Riyadh,SA,2022-06-16 10:48:51,24.6877,46.7219,107.74,7,0,12.41
517,Ostrovnoy,RU,2022-06-16 10:48:54,68.0531,39.5131,41.99,95,100,21.65
518,Orlovskiy,RU,2022-06-16 10:48:54,46.8714,42.0592,76.53,48,72,14.99
519,Nitra,SK,2022-06-16 10:48:54,48.3076,18.0845,81.59,46,21,8.99
520,Kuminskiy,RU,2022-06-16 10:48:54,58.6667,66.5667,75.11,41,59,7.38
521,Morondava,MG,2022-06-16 10:48:55,-20.2833,44.2833,78.71,61,0,11.34
522,Dwarka,IN,2022-06-16 10:48:55,22.2394,68.9678,87.67,72,55,16.15
523,Bagdarin,RU,2022-06-16 10:48:55,54.4333,113.6,66.96,62,63,3.71
524,Vetlanda,SE,2022-06-16 10:48:56,57.4289,15.0776,70.02,36,64,5.97
525,Ust-Ilimsk,RU,2022-06-16 10:48:56,58.0006,102.6619,79.07,43,99,4.74
526,Villazon,BO,2022-06-16 10:48:56,-22.0866,-65.5942,28.26,24,29,1.88
527,Ukiah,US,2022-06-16 10:48:56,39.1502,-123.2078,54.03,76,0,3.44
528,Mount Isa,AU,2022-06-16 10:48:56,-20.7333,139.5,65.97,37,5,8.05
529,Urdoma,RU,2022-06-16 10:48:56,61.7533,48.5442,70.38,47,100,12.77
530,Eyl,SO,2022-06-16 10:48:56,7.9803,49.8164,93.96,41,40,24.36
531,Suffolk,US,2022-06-16 10:48:56,40.8668,-72.7996,67.15,87,100,3.44
532,Sitka,US,2022-06-16 10:45:49,57.0531,-135.33,51.69,76,0,0.0
533,Polovinnoye,RU,2022-06-16 10:48:57,54.7914,65.9864,76.26,44,13,11.72
534,Potchefstroom,ZA,2022-06-16 10:47:32,-26.7167,27.1,52.52,23,1,4.07
535,Mahajanga,MG,2022-06-16 10:48:57,-15.7167,46.3167,87.82,51,20,8.05
536,Rush,IE,2022-06-16 10:48:57,53.5223,-6.0931,70.38,60,75,4.61
537,Vestmanna,FO,2022-06-16 10:48:57,62.1564,-7.1664,52.72,76,100,9.22
538,Shelburne,CA,2022-06-16 10:48:57,44.0787,-80.2041,74.19,95,100,13.33
539,Berlevag,NO,2022-06-16 10:48:57,70.8578,29.0864,41.0,81,75,10.36
540,Eucaliptus,BO,2022-06-16 10:48:57,-17.5833,-67.5167,31.3,64,0,3.91
541,Cody,US,2022-06-16 10:48:57,44.5263,-109.0565,52.02,46,0,6.91
542,Hambantota,LK,2022-06-16 10:47:02,6.1241,81.1185,75.54,100,75,12.66
543,Calama,CL,2022-06-16 10:46:03,-22.4667,-68.9333,32.49,32,0,12.66
544,Hay River,CA,2022-06-16 10:48:58,60.8156,-115.7999,46.38,87,100,6.91
545,Kjollefjord,NO,2022-06-16 10:48:58,70.9457,27.3465,40.82,81,75,9.22
546,Cerro Largo,BR,2022-06-16 10:48:58,-28.1486,-54.7381,55.92,91,47,4.76
547,Loukhi,RU,2022-06-16 10:48:58,66.0764,33.0381,49.42,96,100,9.1
548,Tura,IN,2022-06-16 10:48:58,25.5198,90.2201,78.08,89,100,7.81
549,Nabire,ID,2022-06-16 10:48:58,-3.3667,135.4833,78.44,86,99,1.16
550,Pochutla,MX,2022-06-16 10:48:58,15.7432,-96.4661,72.14,88,100,3.24
551,Bridlington,GB,2022-06-16 10:48:59,54.0831,-0.1919,73.89,73,79,2.42
552,Yerbogachen,RU,2022-06-16 10:48:59,61.2767,108.0108,71.24,53,71,8.97
553,Komsomolskiy,UZ,2022-06-16 10:48:59,40.4272,71.7189,93.92,17,6,6.91
554,Marzuq,YE,2022-06-16 10:48:59,14.4,46.4667,94.75,20,2,12.03
555,Kuito,AO,2022-06-16 10:46:56,-12.3833,16.9333,77.14,65,0,8.05
556,Maungaturoto,NZ,2022-06-16 10:49:00,-36.1,174.3667,55.67,93,1,4.45
557,Joshimath,IN,2022-06-16 10:49:00,30.5667,79.5667,75.38,66,88,2.17
558,Paarl,ZA,2022-06-16 10:49:00,-33.7338,18.9752,64.02,38,55,4.34
559,Lydenburg,ZA,2022-06-16 10:49:00,-25.0978,30.4597,58.41,16,0,4.59
560,Kungurtug,RU,2022-06-16 10:49:00,50.5994,97.5228,70.88,51,80,1.77
561,Ewo,CG,2022-06-16 10:49:00,-0.8725,14.8206,89.44,46,92,4.5
562,Adrar,MR,2022-06-16 10:45:31,20.5022,-10.0711,103.62,6,4,17.38
563,Itarema,BR,2022-06-16 10:45:54,-2.9248,-39.9167,77.52,78,52,11.27
564,Westport,US,2022-06-16 10:50:00,41.1415,-73.3579,67.08,86,75,6.91
565,Kirando,TZ,2022-06-16 10:50:01,-7.4167,30.6,81.43,48,36,9.24
566,Rapid City,US,2022-06-16 10:50:01,44.0805,-103.231,54.32,66,0,9.22
567,Bilibino,RU,2022-06-16 10:50:01,68.0546,166.4372,47.61,44,0,6.29
568,Menongue,AO,2022-06-16 10:50:01,-14.6585,17.691,80.28,19,61,5.03
569,Bullhead City,US,2022-06-16 10:50:01,35.1478,-114.5683,87.22,11,0,3.0
